{"config": {"A2": "pawn_w", "B2": "pawn_w", "C2": "pawn_w", "D2": "pawn_w", "E2": "pawn_w", "F2": "pawn_w", "G2": "pawn_w", "H2": "pawn_w", "A7": "pawn_b", "B7": "pawn_b", "C7": "pawn_b", "D7": "pawn_b", "E7": "pawn_b", "F7": "pawn_b", "G7": "pawn_b", "H7": "pawn_b", "C1": "bishop_w", "F1": "bishop_w", "C8": "bishop_b", "F8": "bishop_b", "B1": "knight_w", "G1": "knight_w", "B8": "knight_b", "G8": "knight_b", "A1": "rook_w", "H1": "rook_w", "A8": "rook_b", "H8": "rook_b", "D1": "queen_w", "D8": "queen_b", "E1": "king_w", "E8": "king_b"}, "corners": [[0.77734375, 0.12109375], [0.142578125, 0.1171875], [0.77734375, 0.8313802083333334], [0.080078125, 0.7858072916666666]]}