{"config": {"A5": "pawn_w", "B5": "pawn_w", "C5": "pawn_w", "D5": "pawn_w", "E5": "pawn_w", "F5": "pawn_w", "G5": "pawn_w", "H5": "pawn_w", "A6": "pawn_b", "B6": "pawn_b", "C6": "pawn_b", "D6": "pawn_b", "E6": "pawn_b", "F6": "pawn_b", "G6": "pawn_b", "H6": "pawn_b", "A3": "bishop_w", "A4": "bishop_w", "B3": "bishop_b", "B4": "bishop_b", "C3": "knight_w", "C4": "knight_w", "D3": "knight_b", "D4": "knight_b", "E3": "rook_w", "E4": "rook_w", "F3": "rook_b", "F4": "rook_b", "G3": "queen_w", "H3": "queen_b", "G4": "king_w", "H4": "king_b"}, "corners": [[0.154296875, 0.8541666666666666], [0.8098958333333334, 0.8782552083333334], [0.15559895833333334, 0.19140625], [0.83984375, 0.216796875]]}