{"config": {"A4": "pawn_w", "C3": "pawn_w", "G2": "pawn_w", "H2": "pawn_w", "C4": "pawn_b", "G5": "pawn_b", "E3": "bishop_w", "C8": "bishop_b", "D2": "knight_w", "G4": "knight_w", "E7": "knight_b", "C6": "knight_b", "B1": "rook_w", "F1": "rook_w", "H4": "rook_b", "A5": "queen_w", "F6": "queen_b", "G1": "king_w", "F8": "king_b"}, "corners": [[0.7584635416666666, 0.19075520833333337], [0.08268229166666667, 0.34895833333333337], [0.8541666666666666, 0.802734375], [0.279296875, 0.9192708333333334]]}