{"config": {"A2": "pawn_w", "C3": "pawn_w", "D2": "pawn_w", "E4": "pawn_w", "F3": "pawn_w", "G2": "pawn_w", "H2": "pawn_w", "A7": "pawn_b", "B5": "pawn_b", "C6": "pawn_b", "D7": "pawn_b", "E5": "pawn_b", "F6": "pawn_b", "G7": "pawn_b", "C1": "bishop_w", "B4": "bishop_b", "A6": "knight_b", "A1": "rook_w", "F1": "rook_w", "A8": "rook_b", "H4": "rook_b", "D1": "queen_w", "D8": "queen_b", "G1": "king_w", "E8": "king_b", "E7": "knight_b"}, "corners": [[0.2265625, 0.79296875], [0.7330729166666666, 0.8001302083333334], [0.181640625, 0.28059895833333337], [0.7916666666666666, 0.28645833333333337]]}