{"config": {"A2": "pawn_w", "C3": "pawn_w", "D2": "pawn_w", "E4": "pawn_w", "F3": "pawn_w", "G2": "pawn_w", "H2": "pawn_w", "A7": "pawn_b", "B5": "pawn_b", "C6": "pawn_b", "D7": "pawn_b", "E5": "pawn_b", "F6": "pawn_b", "G7": "pawn_b", "C1": "bishop_w", "B4": "bishop_b", "A6": "knight_b", "E7": "knight_b", "A1": "rook_w", "F1": "rook_w", "A8": "rook_b", "H4": "rook_b", "D1": "queen_w", "D8": "queen_b", "G1": "king_w", "E8": "king_b"}, "corners": [[0.8359375, 0.310546875], [0.16015625, 0.37369791666666663], [0.8040364583333334, 0.8359375], [0.275390625, 0.8854166666666666]]}